multi-9-0.jpg,"['defect-308.jpg', 'peaberry-66.jpg', 'defect-266.jpg', 'premium-31.jpg', 'premium-146.jpg', 'premium-314.jpg', 'premium-351.jpg', 'peaberry-90.jpg', 'defect-21.jpg']"
multi-16-0.jpg,"['premium-35.jpg', 'defect-124.jpg', 'peaberry-100.jpg', 'premium-59.jpg', 'defect-255.jpg', 'premium-203.jpg', 'defect-109.jpg', 'peaberry-209.jpg', 'longberry-268.jpg', 'longberry-163.jpg', 'premium-24.jpg', 'peaberry-292.jpg', 'peaberry-310.jpg', 'defect-256.jpg', 'peaberry-356.jpg', 'peaberry-224.jpg']"
multi-25-0.jpg,"['defect-212.jpg', 'peaberry-45.jpg', 'defect-375.jpg', 'peaberry-242.jpg', 'longberry-153.jpg', 'peaberry-284.jpg', 'longberry-174.jpg', 'defect-11.jpg', 'defect-186.jpg', 'longberry-169.jpg', 'premium-113.jpg', 'defect-168.jpg', 'premium-178.jpg', 'premium-384.jpg', 'defect-30.jpg', 'peaberry-262.jpg', 'peaberry-145.jpg', 'defect-148.jpg', 'defect-24.jpg', 'peaberry-4.jpg', 'longberry-274.jpg', 'longberry-365.jpg', 'defect-48.jpg', 'longberry-267.jpg', 'premium-307.jpg']"
multi-9-1.jpg,"['peaberry-218.jpg', 'premium-15.jpg', 'peaberry-211.jpg', 'peaberry-243.jpg', 'defect-151.jpg', 'defect-397.jpg', 'peaberry-197.jpg', 'longberry-117.jpg', 'defect-398.jpg']"
multi-16-1.jpg,"['peaberry-104.jpg', 'peaberry-390.jpg', 'peaberry-41.jpg', 'peaberry-17.jpg', 'defect-56.jpg', 'peaberry-177.jpg', 'defect-53.jpg', 'longberry-338.jpg', 'peaberry-251.jpg', 'longberry-354.jpg', 'peaberry-60.jpg', 'peaberry-303.jpg', 'defect-112.jpg', 'peaberry-158.jpg', 'longberry-219.jpg', 'peaberry-346.jpg']"
multi-25-1.jpg,"['premium-188.jpg', 'premium-155.jpg', 'peaberry-238.jpg', 'longberry-320.jpg', 'peaberry-235.jpg', 'defect-131.jpg', 'premium-357.jpg', 'premium-179.jpg', 'longberry-280.jpg', 'premium-103.jpg', 'longberry-243.jpg', 'peaberry-363.jpg', 'defect-74.jpg', 'premium-197.jpg', 'premium-333.jpg', 'premium-145.jpg', 'peaberry-169.jpg', 'longberry-146.jpg', 'peaberry-21.jpg', 'defect-121.jpg', 'longberry-176.jpg', 'defect-101.jpg', 'peaberry-375.jpg', 'longberry-83.jpg', 'defect-189.jpg']"
multi-9-2.jpg,"['defect-167.jpg', 'peaberry-386.jpg', 'longberry-342.jpg', 'defect-330.jpg', 'defect-34.jpg', 'defect-8.jpg', 'defect-13.jpg', 'premium-376.jpg', 'defect-225.jpg']"
multi-16-2.jpg,"['defect-203.jpg', 'longberry-200.jpg', 'defect-245.jpg', 'peaberry-173.jpg', 'peaberry-102.jpg', 'premium-95.jpg', 'longberry-356.jpg', 'peaberry-189.jpg', 'longberry-0.jpg', 'defect-224.jpg', 'peaberry-105.jpg', 'peaberry-297.jpg', 'premium-201.jpg', 'premium-330.jpg', 'peaberry-138.jpg', 'peaberry-11.jpg']"
multi-25-2.jpg,"['defect-51.jpg', 'peaberry-221.jpg', 'defect-318.jpg', 'peaberry-344.jpg', 'premium-163.jpg', 'premium-315.jpg', 'defect-197.jpg', 'peaberry-348.jpg', 'premium-69.jpg', 'peaberry-75.jpg', 'defect-32.jpg', 'peaberry-259.jpg', 'premium-189.jpg', 'defect-198.jpg', 'defect-276.jpg', 'longberry-142.jpg', 'peaberry-134.jpg', 'longberry-88.jpg', 'peaberry-298.jpg', 'longberry-278.jpg', 'defect-271.jpg', 'longberry-19.jpg', 'premium-105.jpg', 'longberry-233.jpg', 'longberry-56.jpg']"
multi-9-3.jpg,"['defect-373.jpg', 'defect-381.jpg', 'longberry-391.jpg', 'peaberry-336.jpg', 'defect-283.jpg', 'longberry-213.jpg', 'peaberry-326.jpg', 'premium-13.jpg', 'premium-149.jpg']"
multi-16-3.jpg,"['premium-281.jpg', 'longberry-334.jpg', 'longberry-327.jpg', 'defect-90.jpg', 'longberry-204.jpg', 'premium-123.jpg', 'premium-36.jpg', 'premium-292.jpg', 'premium-185.jpg', 'peaberry-126.jpg', 'premium-17.jpg', 'peaberry-62.jpg', 'defect-69.jpg', 'longberry-43.jpg', 'premium-71.jpg', 'peaberry-109.jpg']"
multi-25-3.jpg,"['premium-174.jpg', 'peaberry-65.jpg', 'defect-22.jpg', 'premium-389.jpg', 'peaberry-358.jpg', 'longberry-232.jpg', 'premium-271.jpg', 'defect-62.jpg', 'premium-21.jpg', 'peaberry-13.jpg', 'longberry-89.jpg', 'longberry-382.jpg', 'longberry-80.jpg', 'longberry-288.jpg', 'longberry-291.jpg', 'peaberry-170.jpg', 'peaberry-151.jpg', 'defect-72.jpg', 'longberry-131.jpg', 'peaberry-332.jpg', 'premium-308.jpg', 'peaberry-342.jpg', 'defect-306.jpg', 'longberry-299.jpg', 'longberry-277.jpg']"
multi-9-4.jpg,"['defect-298.jpg', 'defect-122.jpg', 'longberry-218.jpg', 'defect-316.jpg', 'peaberry-223.jpg', 'peaberry-225.jpg', 'premium-60.jpg', 'defect-317.jpg', 'premium-46.jpg']"
multi-16-4.jpg,"['defect-12.jpg', 'longberry-96.jpg', 'premium-331.jpg', 'premium-94.jpg', 'premium-385.jpg', 'longberry-217.jpg', 'defect-313.jpg', 'premium-84.jpg', 'peaberry-52.jpg', 'premium-354.jpg', 'longberry-93.jpg', 'defect-312.jpg', 'peaberry-3.jpg', 'longberry-224.jpg', 'defect-391.jpg', 'premium-379.jpg']"
multi-25-4.jpg,"['longberry-173.jpg', 'longberry-150.jpg', 'defect-1.jpg', 'longberry-121.jpg', 'defect-17.jpg', 'premium-147.jpg', 'premium-226.jpg', 'longberry-358.jpg', 'defect-71.jpg', 'peaberry-55.jpg', 'defect-70.jpg', 'defect-339.jpg', 'peaberry-219.jpg', 'premium-253.jpg', 'premium-361.jpg', 'premium-176.jpg', 'longberry-35.jpg', 'longberry-364.jpg', 'defect-209.jpg', 'defect-382.jpg', 'longberry-166.jpg', 'premium-342.jpg', 'longberry-64.jpg', 'peaberry-270.jpg', 'longberry-263.jpg']"
multi-9-5.jpg,"['defect-182.jpg', 'longberry-214.jpg', 'defect-293.jpg', 'defect-191.jpg', 'peaberry-40.jpg', 'premium-184.jpg', 'defect-386.jpg', 'longberry-323.jpg', 'peaberry-314.jpg']"
multi-16-5.jpg,"['longberry-55.jpg', 'peaberry-290.jpg', 'defect-117.jpg', 'longberry-92.jpg', 'premium-140.jpg', 'premium-79.jpg', 'defect-4.jpg', 'premium-325.jpg', 'peaberry-12.jpg', 'defect-334.jpg', 'defect-154.jpg', 'longberry-74.jpg', 'longberry-15.jpg', 'defect-211.jpg', 'longberry-113.jpg', 'defect-277.jpg']"
multi-25-5.jpg,"['peaberry-264.jpg', 'peaberry-96.jpg', 'defect-172.jpg', 'peaberry-26.jpg', 'longberry-178.jpg', 'longberry-301.jpg', 'premium-398.jpg', 'longberry-197.jpg', 'premium-279.jpg', 'peaberry-366.jpg', 'longberry-188.jpg', 'defect-285.jpg', 'defect-46.jpg', 'peaberry-394.jpg', 'peaberry-1.jpg', 'peaberry-395.jpg', 'premium-391.jpg', 'defect-105.jpg', 'defect-41.jpg', 'premium-41.jpg', 'premium-177.jpg', 'longberry-191.jpg', 'premium-104.jpg', 'peaberry-311.jpg', 'defect-23.jpg']"
multi-9-6.jpg,"['peaberry-115.jpg', 'peaberry-24.jpg', 'premium-335.jpg', 'peaberry-212.jpg', 'defect-127.jpg', 'defect-140.jpg', 'defect-83.jpg', 'premium-362.jpg', 'peaberry-302.jpg']"
multi-16-6.jpg,"['premium-306.jpg', 'longberry-46.jpg', 'peaberry-347.jpg', 'longberry-13.jpg', 'defect-149.jpg', 'peaberry-192.jpg', 'defect-141.jpg', 'peaberry-83.jpg', 'longberry-285.jpg', 'defect-279.jpg', 'longberry-28.jpg', 'premium-115.jpg', 'longberry-45.jpg', 'longberry-361.jpg', 'peaberry-175.jpg', 'peaberry-217.jpg']"
multi-25-6.jpg,"['defect-199.jpg', 'defect-125.jpg', 'peaberry-273.jpg', 'defect-301.jpg', 'premium-29.jpg', 'longberry-115.jpg', 'defect-280.jpg', 'premium-102.jpg', 'premium-4.jpg', 'premium-243.jpg', 'defect-270.jpg', 'peaberry-58.jpg', 'defect-147.jpg', 'defect-123.jpg', 'premium-215.jpg', 'premium-166.jpg', 'defect-5.jpg', 'defect-260.jpg', 'premium-168.jpg', 'peaberry-379.jpg', 'premium-273.jpg', 'premium-298.jpg', 'premium-266.jpg', 'peaberry-293.jpg', 'premium-199.jpg']"
multi-9-7.jpg,"['premium-108.jpg', 'peaberry-125.jpg', 'longberry-306.jpg', 'longberry-85.jpg', 'longberry-155.jpg', 'premium-165.jpg', 'defect-336.jpg', 'premium-139.jpg', 'premium-235.jpg']"
multi-16-7.jpg,"['defect-60.jpg', 'defect-236.jpg', 'peaberry-142.jpg', 'longberry-107.jpg', 'defect-207.jpg', 'defect-394.jpg', 'longberry-48.jpg', 'peaberry-64.jpg', 'peaberry-360.jpg', 'longberry-6.jpg', 'premium-3.jpg', 'premium-299.jpg', 'longberry-187.jpg', 'premium-34.jpg', 'peaberry-343.jpg', 'defect-332.jpg']"
multi-25-7.jpg,"['longberry-369.jpg', 'longberry-238.jpg', 'peaberry-246.jpg', 'defect-220.jpg', 'peaberry-304.jpg', 'longberry-366.jpg', 'defect-329.jpg', 'premium-255.jpg', 'defect-137.jpg', 'longberry-273.jpg', 'peaberry-265.jpg', 'longberry-105.jpg', 'premium-111.jpg', 'defect-169.jpg', 'peaberry-385.jpg', 'defect-338.jpg', 'longberry-109.jpg', 'premium-83.jpg', 'defect-192.jpg', 'defect-133.jpg', 'peaberry-234.jpg', 'premium-247.jpg', 'premium-332.jpg', 'defect-114.jpg', 'defect-161.jpg']"
multi-9-8.jpg,"['longberry-181.jpg', 'peaberry-257.jpg', 'peaberry-299.jpg', 'premium-210.jpg', 'longberry-252.jpg', 'peaberry-268.jpg', 'defect-26.jpg', 'longberry-290.jpg', 'longberry-333.jpg']"
multi-16-8.jpg,"['defect-164.jpg', 'defect-234.jpg', 'premium-381.jpg', 'defect-110.jpg', 'premium-148.jpg', 'defect-321.jpg', 'premium-397.jpg', 'premium-49.jpg', 'premium-32.jpg', 'defect-115.jpg', 'peaberry-70.jpg', 'defect-281.jpg', 'longberry-192.jpg', 'defect-393.jpg', 'defect-185.jpg', 'premium-125.jpg']"
multi-25-8.jpg,"['longberry-376.jpg', 'premium-265.jpg', 'premium-378.jpg', 'longberry-303.jpg', 'premium-288.jpg', 'premium-6.jpg', 'peaberry-281.jpg', 'defect-399.jpg', 'longberry-347.jpg', 'peaberry-247.jpg', 'defect-291.jpg', 'premium-44.jpg', 'peaberry-28.jpg', 'premium-45.jpg', 'longberry-346.jpg', 'premium-214.jpg', 'defect-58.jpg', 'longberry-154.jpg', 'defect-350.jpg', 'peaberry-108.jpg', 'peaberry-370.jpg', 'peaberry-99.jpg', 'peaberry-372.jpg', 'longberry-186.jpg', 'premium-289.jpg']"
multi-9-9.jpg,"['premium-86.jpg', 'peaberry-135.jpg', 'peaberry-308.jpg', 'peaberry-159.jpg', 'defect-243.jpg', 'peaberry-110.jpg', 'defect-188.jpg', 'premium-238.jpg', 'defect-14.jpg']"
multi-16-9.jpg,"['longberry-349.jpg', 'defect-63.jpg', 'longberry-67.jpg', 'premium-89.jpg', 'premium-195.jpg', 'longberry-379.jpg', 'premium-135.jpg', 'premium-175.jpg', 'premium-75.jpg', 'defect-7.jpg', 'longberry-71.jpg', 'premium-173.jpg', 'premium-301.jpg', 'peaberry-236.jpg', 'peaberry-335.jpg', 'defect-25.jpg']"
multi-25-9.jpg,"['longberry-5.jpg', 'premium-259.jpg', 'premium-90.jpg', 'peaberry-85.jpg', 'longberry-2.jpg', 'peaberry-80.jpg', 'peaberry-178.jpg', 'longberry-249.jpg', 'longberry-65.jpg', 'premium-321.jpg', 'longberry-135.jpg', 'defect-311.jpg', 'longberry-79.jpg', 'premium-341.jpg', 'premium-352.jpg', 'premium-336.jpg', 'longberry-374.jpg', 'peaberry-388.jpg', 'peaberry-69.jpg', 'premium-316.jpg', 'longberry-340.jpg', 'defect-134.jpg', 'defect-159.jpg', 'premium-208.jpg', 'defect-20.jpg']"
multi-9-10.jpg,"['premium-92.jpg', 'longberry-22.jpg', 'premium-50.jpg', 'defect-95.jpg', 'peaberry-256.jpg', 'defect-179.jpg', 'peaberry-210.jpg', 'defect-102.jpg', 'longberry-16.jpg']"
multi-16-10.jpg,"['premium-68.jpg', 'premium-270.jpg', 'premium-275.jpg', 'longberry-11.jpg', 'longberry-21.jpg', 'peaberry-250.jpg', 'premium-364.jpg', 'defect-206.jpg', 'longberry-397.jpg', 'peaberry-364.jpg', 'premium-81.jpg', 'premium-286.jpg', 'longberry-339.jpg', 'peaberry-30.jpg', 'peaberry-389.jpg', 'longberry-255.jpg']"
multi-25-10.jpg,"['premium-87.jpg', 'premium-369.jpg', 'peaberry-283.jpg', 'premium-20.jpg', 'premium-137.jpg', 'longberry-282.jpg', 'longberry-140.jpg', 'longberry-112.jpg', 'peaberry-248.jpg', 'premium-269.jpg', 'defect-208.jpg', 'peaberry-43.jpg', 'defect-288.jpg', 'peaberry-123.jpg', 'longberry-236.jpg', 'defect-343.jpg', 'premium-180.jpg', 'peaberry-51.jpg', 'defect-385.jpg', 'longberry-352.jpg', 'premium-114.jpg', 'longberry-127.jpg', 'peaberry-285.jpg', 'defect-130.jpg', 'peaberry-294.jpg']"
multi-9-11.jpg,"['premium-154.jpg', 'defect-363.jpg', 'longberry-286.jpg', 'premium-183.jpg', 'longberry-177.jpg', 'defect-39.jpg', 'defect-249.jpg', 'defect-2.jpg', 'premium-38.jpg']"
multi-16-11.jpg,"['peaberry-183.jpg', 'longberry-201.jpg', 'premium-158.jpg', 'defect-352.jpg', 'premium-311.jpg', 'defect-259.jpg', 'longberry-260.jpg', 'longberry-392.jpg', 'longberry-341.jpg', 'longberry-318.jpg', 'longberry-17.jpg', 'premium-264.jpg', 'peaberry-365.jpg', 'peaberry-149.jpg', 'peaberry-383.jpg', 'defect-181.jpg']"
multi-25-11.jpg,"['longberry-231.jpg', 'peaberry-341.jpg', 'peaberry-63.jpg', 'premium-207.jpg', 'defect-360.jpg', 'longberry-164.jpg', 'peaberry-171.jpg', 'defect-215.jpg', 'defect-174.jpg', 'longberry-147.jpg', 'longberry-139.jpg', 'premium-110.jpg', 'peaberry-153.jpg', 'longberry-377.jpg', 'peaberry-201.jpg', 'longberry-241.jpg', 'peaberry-98.jpg', 'longberry-372.jpg', 'longberry-396.jpg', 'longberry-86.jpg', 'longberry-36.jpg', 'premium-337.jpg', 'longberry-199.jpg', 'defect-97.jpg', 'longberry-101.jpg']"
multi-9-12.jpg,"['premium-88.jpg', 'longberry-337.jpg', 'peaberry-282.jpg', 'defect-265.jpg', 'defect-327.jpg', 'premium-40.jpg', 'longberry-294.jpg', 'peaberry-194.jpg', 'longberry-170.jpg']"
multi-16-12.jpg,"['longberry-378.jpg', 'longberry-20.jpg', 'longberry-50.jpg', 'premium-206.jpg', 'defect-132.jpg', 'premium-28.jpg', 'defect-128.jpg', 'longberry-248.jpg', 'longberry-227.jpg', 'longberry-265.jpg', 'defect-223.jpg', 'defect-119.jpg', 'longberry-324.jpg', 'peaberry-179.jpg', 'premium-368.jpg', 'premium-93.jpg']"
multi-25-12.jpg,"['premium-190.jpg', 'longberry-99.jpg', 'longberry-100.jpg', 'premium-150.jpg', 'longberry-182.jpg', 'premium-320.jpg', 'peaberry-144.jpg', 'longberry-384.jpg', 'longberry-198.jpg', 'peaberry-208.jpg', 'premium-100.jpg', 'defect-170.jpg', 'defect-106.jpg', 'longberry-363.jpg', 'premium-106.jpg', 'defect-302.jpg', 'premium-143.jpg', 'defect-173.jpg', 'peaberry-35.jpg', 'premium-182.jpg', 'peaberry-166.jpg', 'premium-287.jpg', 'premium-131.jpg', 'peaberry-226.jpg', 'peaberry-84.jpg']"
multi-9-13.jpg,"['defect-239.jpg', 'longberry-371.jpg', 'longberry-158.jpg', 'longberry-312.jpg', 'premium-365.jpg', 'defect-369.jpg', 'peaberry-377.jpg', 'longberry-367.jpg', 'longberry-145.jpg']"
multi-16-13.jpg,"['defect-31.jpg', 'defect-73.jpg', 'defect-180.jpg', 'peaberry-191.jpg', 'peaberry-116.jpg', 'longberry-375.jpg', 'premium-25.jpg', 'defect-346.jpg', 'longberry-98.jpg', 'peaberry-227.jpg', 'peaberry-263.jpg', 'defect-15.jpg', 'premium-393.jpg', 'longberry-385.jpg', 'defect-100.jpg', 'premium-234.jpg']"
multi-25-13.jpg,"['peaberry-50.jpg', 'longberry-136.jpg', 'peaberry-121.jpg', 'longberry-395.jpg', 'defect-361.jpg', 'longberry-33.jpg', 'defect-143.jpg', 'defect-296.jpg', 'longberry-348.jpg', 'premium-380.jpg', 'premium-216.jpg', 'peaberry-202.jpg', 'premium-323.jpg', 'longberry-271.jpg', 'peaberry-49.jpg', 'peaberry-277.jpg', 'premium-284.jpg', 'longberry-332.jpg', 'defect-204.jpg', 'peaberry-353.jpg', 'premium-293.jpg', 'longberry-172.jpg', 'peaberry-139.jpg', 'premium-101.jpg', 'longberry-195.jpg']"
multi-9-14.jpg,"['premium-223.jpg', 'defect-230.jpg', 'longberry-70.jpg', 'premium-241.jpg', 'longberry-134.jpg', 'premium-291.jpg', 'defect-171.jpg', 'defect-50.jpg', 'longberry-362.jpg']"
multi-16-14.jpg,"['longberry-297.jpg', 'peaberry-86.jpg', 'premium-382.jpg', 'peaberry-44.jpg', 'peaberry-233.jpg', 'premium-304.jpg', 'longberry-307.jpg', 'defect-292.jpg', 'longberry-223.jpg', 'premium-348.jpg', 'peaberry-352.jpg', 'premium-144.jpg', 'premium-11.jpg', 'premium-77.jpg', 'premium-64.jpg', 'premium-157.jpg']"
multi-25-14.jpg,"['premium-313.jpg', 'longberry-91.jpg', 'peaberry-338.jpg', 'premium-23.jpg', 'peaberry-132.jpg', 'longberry-325.jpg', 'longberry-44.jpg', 'defect-6.jpg', 'peaberry-68.jpg', 'premium-33.jpg', 'longberry-289.jpg', 'premium-161.jpg', 'premium-252.jpg', 'peaberry-316.jpg', 'longberry-10.jpg', 'premium-227.jpg', 'defect-222.jpg', 'peaberry-216.jpg', 'defect-328.jpg', 'defect-158.jpg', 'defect-45.jpg', 'defect-52.jpg', 'defect-136.jpg', 'premium-66.jpg', 'premium-349.jpg']"
multi-9-15.jpg,"['peaberry-7.jpg', 'peaberry-101.jpg', 'longberry-185.jpg', 'peaberry-280.jpg', 'peaberry-374.jpg', 'defect-388.jpg', 'premium-262.jpg', 'peaberry-214.jpg', 'premium-322.jpg']"
multi-16-15.jpg,"['longberry-102.jpg', 'premium-290.jpg', 'peaberry-249.jpg', 'peaberry-74.jpg', 'premium-367.jpg', 'premium-122.jpg', 'peaberry-300.jpg', 'premium-205.jpg', 'defect-392.jpg', 'defect-347.jpg', 'premium-261.jpg', 'longberry-34.jpg', 'defect-156.jpg', 'premium-350.jpg', 'premium-112.jpg', 'defect-103.jpg']"
multi-25-15.jpg,"['defect-384.jpg', 'peaberry-61.jpg', 'defect-80.jpg', 'peaberry-95.jpg', 'premium-217.jpg', 'defect-221.jpg', 'longberry-72.jpg', 'longberry-165.jpg', 'premium-329.jpg', 'defect-67.jpg', 'peaberry-2.jpg', 'premium-258.jpg', 'premium-85.jpg', 'peaberry-323.jpg', 'premium-375.jpg', 'peaberry-176.jpg', 'longberry-27.jpg', 'defect-104.jpg', 'defect-16.jpg', 'premium-119.jpg', 'longberry-335.jpg', 'longberry-26.jpg', 'peaberry-207.jpg', 'defect-79.jpg', 'premium-355.jpg']"
multi-9-16.jpg,"['longberry-30.jpg', 'premium-117.jpg', 'peaberry-204.jpg', 'defect-175.jpg', 'longberry-383.jpg', 'defect-309.jpg', 'longberry-77.jpg', 'longberry-399.jpg', 'peaberry-193.jpg']"
multi-16-16.jpg,"['defect-157.jpg', 'longberry-23.jpg', 'premium-124.jpg', 'premium-186.jpg', 'premium-53.jpg', 'defect-113.jpg', 'defect-85.jpg', 'premium-99.jpg', 'peaberry-295.jpg', 'longberry-272.jpg', 'longberry-14.jpg', 'longberry-368.jpg', 'premium-1.jpg', 'defect-275.jpg', 'longberry-29.jpg', 'longberry-317.jpg']"
multi-25-16.jpg,"['defect-348.jpg', 'longberry-322.jpg', 'peaberry-182.jpg', 'premium-371.jpg', 'longberry-283.jpg', 'peaberry-222.jpg', 'defect-135.jpg', 'longberry-256.jpg', 'premium-172.jpg', 'longberry-344.jpg', 'peaberry-157.jpg', 'defect-374.jpg', 'premium-343.jpg', 'premium-248.jpg', 'premium-9.jpg', 'longberry-59.jpg', 'premium-272.jpg', 'premium-54.jpg', 'premium-246.jpg', 'peaberry-152.jpg', 'defect-54.jpg', 'peaberry-106.jpg', 'longberry-281.jpg', 'peaberry-340.jpg', 'premium-324.jpg']"
multi-9-17.jpg,"['defect-390.jpg', 'defect-142.jpg', 'defect-183.jpg', 'premium-347.jpg', 'longberry-330.jpg', 'longberry-87.jpg', 'peaberry-18.jpg', 'longberry-129.jpg', 'defect-379.jpg']"
multi-16-17.jpg,"['premium-91.jpg', 'longberry-69.jpg', 'peaberry-172.jpg', 'defect-359.jpg', 'peaberry-185.jpg', 'defect-242.jpg', 'defect-307.jpg', 'peaberry-117.jpg', 'defect-366.jpg', 'peaberry-215.jpg', 'longberry-52.jpg', 'premium-359.jpg', 'peaberry-261.jpg', 'defect-272.jpg', 'peaberry-230.jpg', 'peaberry-361.jpg']"
multi-25-17.jpg,"['peaberry-324.jpg', 'peaberry-10.jpg', 'defect-364.jpg', 'defect-284.jpg', 'longberry-262.jpg', 'defect-55.jpg', 'longberry-222.jpg', 'premium-318.jpg', 'premium-383.jpg', 'longberry-128.jpg', 'peaberry-156.jpg', 'premium-76.jpg', 'premium-239.jpg', 'peaberry-287.jpg', 'longberry-159.jpg', 'defect-84.jpg', 'longberry-308.jpg', 'premium-107.jpg', 'longberry-162.jpg', 'peaberry-331.jpg', 'defect-187.jpg', 'premium-78.jpg', 'peaberry-184.jpg', 'peaberry-5.jpg', 'premium-70.jpg']"
multi-9-18.jpg,"['defect-160.jpg', 'premium-285.jpg', 'peaberry-306.jpg', 'defect-86.jpg', 'defect-216.jpg', 'premium-62.jpg', 'longberry-54.jpg', 'peaberry-129.jpg', 'longberry-40.jpg']"
multi-16-18.jpg,"['peaberry-94.jpg', 'premium-237.jpg', 'defect-269.jpg', 'longberry-160.jpg', 'peaberry-36.jpg', 'peaberry-25.jpg', 'peaberry-93.jpg', 'peaberry-162.jpg', 'peaberry-253.jpg', 'peaberry-111.jpg', 'peaberry-38.jpg', 'longberry-183.jpg', 'peaberry-254.jpg', 'peaberry-82.jpg', 'defect-176.jpg', 'longberry-321.jpg']"
multi-25-18.jpg,"['premium-358.jpg', 'longberry-82.jpg', 'longberry-279.jpg', 'longberry-220.jpg', 'defect-268.jpg', 'longberry-351.jpg', 'defect-351.jpg', 'longberry-138.jpg', 'defect-178.jpg', 'premium-388.jpg', 'peaberry-91.jpg', 'defect-49.jpg', 'premium-213.jpg', 'longberry-141.jpg', 'premium-334.jpg', 'defect-353.jpg', 'premium-296.jpg', 'longberry-225.jpg', 'defect-354.jpg', 'peaberry-6.jpg', 'peaberry-345.jpg', 'longberry-250.jpg', 'defect-274.jpg', 'premium-127.jpg', 'premium-280.jpg']"
multi-9-19.jpg,"['defect-248.jpg', 'defect-324.jpg', 'longberry-269.jpg', 'longberry-251.jpg', 'peaberry-313.jpg', 'defect-36.jpg', 'premium-294.jpg', 'defect-91.jpg', 'longberry-270.jpg']"
multi-16-19.jpg,"['longberry-116.jpg', 'premium-220.jpg', 'premium-82.jpg', 'peaberry-23.jpg', 'peaberry-143.jpg', 'longberry-257.jpg', 'peaberry-354.jpg', 'premium-98.jpg', 'defect-267.jpg', 'premium-132.jpg', 'longberry-350.jpg', 'peaberry-355.jpg', 'premium-268.jpg', 'defect-273.jpg', 'defect-35.jpg', 'peaberry-196.jpg']"
multi-25-19.jpg,"['premium-198.jpg', 'longberry-81.jpg', 'peaberry-137.jpg', 'longberry-156.jpg', 'peaberry-398.jpg', 'defect-340.jpg', 'longberry-304.jpg', 'premium-160.jpg', 'peaberry-333.jpg', 'premium-181.jpg', 'defect-252.jpg', 'longberry-42.jpg', 'longberry-133.jpg', 'premium-319.jpg', 'peaberry-200.jpg', 'defect-331.jpg', 'premium-134.jpg', 'peaberry-315.jpg', 'defect-233.jpg', 'premium-236.jpg', 'premium-245.jpg', 'premium-141.jpg', 'peaberry-252.jpg', 'premium-228.jpg', 'premium-196.jpg']"
multi-9-20.jpg,"['peaberry-27.jpg', 'premium-52.jpg', 'longberry-258.jpg', 'peaberry-305.jpg', 'premium-250.jpg', 'peaberry-371.jpg', 'longberry-25.jpg', 'defect-303.jpg', 'defect-325.jpg']"
multi-16-20.jpg,"['premium-278.jpg', 'premium-346.jpg', 'longberry-240.jpg', 'defect-250.jpg', 'premium-392.jpg', 'longberry-130.jpg', 'defect-98.jpg', 'premium-73.jpg', 'peaberry-291.jpg', 'defect-75.jpg', 'defect-377.jpg', 'peaberry-258.jpg', 'longberry-315.jpg', 'peaberry-147.jpg', 'longberry-246.jpg', 'peaberry-181.jpg']"
multi-25-20.jpg,"['peaberry-334.jpg', 'longberry-360.jpg', 'peaberry-168.jpg', 'peaberry-255.jpg', 'peaberry-88.jpg', 'longberry-49.jpg', 'premium-339.jpg', 'peaberry-167.jpg', 'peaberry-92.jpg', 'longberry-51.jpg', 'longberry-157.jpg', 'premium-156.jpg', 'premium-267.jpg', 'peaberry-381.jpg', 'premium-55.jpg', 'premium-128.jpg', 'peaberry-357.jpg', 'premium-390.jpg', 'longberry-205.jpg', 'longberry-292.jpg', 'peaberry-296.jpg', 'defect-310.jpg', 'longberry-254.jpg', 'defect-238.jpg', 'premium-202.jpg']"
multi-9-21.jpg,"['peaberry-322.jpg', 'defect-320.jpg', 'longberry-247.jpg', 'defect-314.jpg', 'peaberry-163.jpg', 'defect-362.jpg', 'defect-237.jpg', 'defect-305.jpg', 'longberry-120.jpg']"
multi-16-21.jpg,"['premium-65.jpg', 'defect-193.jpg', 'premium-263.jpg', 'peaberry-77.jpg', 'premium-159.jpg', 'longberry-38.jpg', 'longberry-167.jpg', 'peaberry-174.jpg', 'premium-10.jpg', 'defect-43.jpg', 'longberry-239.jpg', 'peaberry-317.jpg', 'longberry-210.jpg', 'peaberry-228.jpg', 'premium-130.jpg', 'defect-33.jpg']"
multi-25-21.jpg,"['premium-396.jpg', 'longberry-152.jpg', 'longberry-144.jpg', 'premium-187.jpg', 'longberry-103.jpg', 'premium-43.jpg', 'defect-396.jpg', 'defect-107.jpg', 'longberry-84.jpg', 'peaberry-124.jpg', 'peaberry-373.jpg', 'defect-326.jpg', 'longberry-196.jpg', 'defect-214.jpg', 'defect-247.jpg', 'defect-190.jpg', 'longberry-194.jpg', 'peaberry-190.jpg', 'defect-344.jpg', 'defect-378.jpg', 'defect-65.jpg', 'longberry-66.jpg', 'premium-57.jpg', 'longberry-388.jpg', 'premium-274.jpg']"
multi-9-22.jpg,"['longberry-151.jpg', 'premium-249.jpg', 'premium-212.jpg', 'peaberry-53.jpg', 'premium-222.jpg', 'peaberry-320.jpg', 'defect-47.jpg', 'defect-166.jpg', 'peaberry-164.jpg']"
multi-16-22.jpg,"['longberry-148.jpg', 'longberry-343.jpg', 'peaberry-244.jpg', 'premium-61.jpg', 'longberry-266.jpg', 'defect-162.jpg', 'peaberry-239.jpg', 'premium-170.jpg', 'premium-326.jpg', 'peaberry-278.jpg', 'longberry-244.jpg', 'premium-63.jpg', 'premium-0.jpg', 'premium-302.jpg', 'premium-370.jpg', 'defect-257.jpg']"
multi-25-22.jpg,"['defect-264.jpg', 'defect-287.jpg', 'longberry-380.jpg', 'premium-42.jpg', 'peaberry-231.jpg', 'peaberry-359.jpg', 'peaberry-272.jpg', 'premium-242.jpg', 'peaberry-337.jpg', 'defect-387.jpg', 'longberry-245.jpg', 'longberry-259.jpg', 'premium-353.jpg', 'peaberry-154.jpg', 'defect-196.jpg', 'premium-232.jpg', 'premium-256.jpg', 'premium-26.jpg', 'longberry-7.jpg', 'peaberry-188.jpg', 'defect-299.jpg', 'peaberry-89.jpg', 'peaberry-56.jpg', 'peaberry-155.jpg', 'premium-300.jpg']"
multi-9-23.jpg,"['longberry-314.jpg', 'defect-202.jpg', 'defect-372.jpg', 'peaberry-97.jpg', 'longberry-8.jpg', 'peaberry-198.jpg', 'premium-152.jpg', 'longberry-60.jpg', 'peaberry-57.jpg']"
multi-16-23.jpg,"['defect-337.jpg', 'peaberry-78.jpg', 'longberry-202.jpg', 'defect-389.jpg', 'premium-126.jpg', 'premium-254.jpg', 'peaberry-0.jpg', 'peaberry-33.jpg', 'longberry-355.jpg', 'premium-340.jpg', 'longberry-171.jpg', 'peaberry-396.jpg', 'longberry-41.jpg', 'longberry-387.jpg', 'longberry-104.jpg', 'premium-317.jpg']"
multi-25-23.jpg,"['peaberry-351.jpg', 'premium-309.jpg', 'peaberry-187.jpg', 'peaberry-199.jpg', 'peaberry-146.jpg', 'defect-138.jpg', 'defect-261.jpg', 'premium-16.jpg', 'defect-365.jpg', 'defect-44.jpg', 'premium-27.jpg', 'premium-19.jpg', 'premium-363.jpg', 'longberry-235.jpg', 'peaberry-81.jpg', 'longberry-373.jpg', 'longberry-118.jpg', 'longberry-381.jpg', 'longberry-390.jpg', 'longberry-61.jpg', 'peaberry-39.jpg', 'defect-9.jpg', 'longberry-168.jpg', 'peaberry-67.jpg', 'defect-286.jpg']"
multi-9-24.jpg,"['peaberry-397.jpg', 'peaberry-127.jpg', 'defect-295.jpg', 'longberry-234.jpg', 'longberry-9.jpg', 'peaberry-327.jpg', 'defect-200.jpg', 'defect-195.jpg', 'longberry-328.jpg']"
multi-16-24.jpg,"['defect-155.jpg', 'premium-5.jpg', 'premium-240.jpg', 'premium-386.jpg', 'defect-251.jpg', 'longberry-393.jpg', 'premium-194.jpg', 'defect-3.jpg', 'peaberry-48.jpg', 'longberry-228.jpg', 'premium-244.jpg', 'peaberry-141.jpg', 'peaberry-47.jpg', 'defect-129.jpg', 'premium-39.jpg', 'peaberry-20.jpg']"
multi-25-24.jpg,"['longberry-203.jpg', 'defect-241.jpg', 'premium-221.jpg', 'peaberry-133.jpg', 'longberry-394.jpg', 'peaberry-31.jpg', 'longberry-296.jpg', 'peaberry-122.jpg', 'premium-72.jpg', 'peaberry-16.jpg', 'peaberry-9.jpg', 'premium-171.jpg', 'peaberry-114.jpg', 'peaberry-240.jpg', 'defect-322.jpg', 'peaberry-72.jpg', 'defect-88.jpg', 'premium-218.jpg', 'longberry-295.jpg', 'defect-81.jpg', 'premium-142.jpg', 'peaberry-237.jpg', 'longberry-264.jpg', 'longberry-190.jpg', 'longberry-123.jpg']"
multi-9-25.jpg,"['longberry-253.jpg', 'premium-133.jpg', 'longberry-284.jpg', 'peaberry-195.jpg', 'peaberry-382.jpg', 'peaberry-140.jpg', 'defect-240.jpg', 'premium-327.jpg', 'premium-219.jpg']"
multi-16-25.jpg,"['premium-58.jpg', 'defect-229.jpg', 'defect-153.jpg', 'premium-121.jpg', 'peaberry-206.jpg', 'defect-96.jpg', 'defect-254.jpg', 'longberry-293.jpg', 'defect-297.jpg', 'premium-377.jpg', 'longberry-18.jpg', 'premium-97.jpg', 'longberry-124.jpg', 'longberry-39.jpg', 'premium-22.jpg', 'longberry-161.jpg']"
multi-25-25.jpg,"['defect-294.jpg', 'longberry-319.jpg', 'longberry-62.jpg', 'peaberry-59.jpg', 'peaberry-76.jpg', 'peaberry-276.jpg', 'defect-333.jpg', 'peaberry-165.jpg', 'peaberry-112.jpg', 'longberry-76.jpg', 'premium-295.jpg', 'longberry-275.jpg', 'longberry-208.jpg', 'longberry-75.jpg', 'defect-40.jpg', 'longberry-215.jpg', 'longberry-302.jpg', 'defect-92.jpg', 'longberry-31.jpg', 'longberry-68.jpg', 'defect-205.jpg', 'premium-387.jpg', 'longberry-193.jpg', 'peaberry-160.jpg', 'premium-118.jpg']"
multi-9-26.jpg,"['premium-193.jpg', 'defect-218.jpg', 'defect-213.jpg', 'premium-211.jpg', 'peaberry-339.jpg', 'defect-108.jpg', 'peaberry-128.jpg', 'longberry-359.jpg', 'peaberry-260.jpg']"
multi-16-26.jpg,"['longberry-336.jpg', 'defect-57.jpg', 'premium-372.jpg', 'peaberry-73.jpg', 'defect-228.jpg', 'peaberry-399.jpg', 'longberry-4.jpg', 'premium-399.jpg', 'defect-76.jpg', 'longberry-110.jpg', 'defect-94.jpg', 'premium-282.jpg', 'defect-64.jpg', 'premium-109.jpg', 'premium-366.jpg', 'defect-231.jpg']"
multi-25-26.jpg,"['longberry-305.jpg', 'defect-139.jpg', 'longberry-206.jpg', 'defect-144.jpg', 'peaberry-15.jpg', 'longberry-370.jpg', 'defect-42.jpg', 'peaberry-107.jpg', 'premium-276.jpg', 'longberry-226.jpg', 'longberry-57.jpg', 'premium-51.jpg', 'longberry-95.jpg', 'premium-120.jpg', 'longberry-211.jpg', 'peaberry-103.jpg', 'longberry-32.jpg', 'longberry-216.jpg', 'peaberry-274.jpg', 'peaberry-319.jpg', 'premium-394.jpg', 'defect-253.jpg', 'longberry-398.jpg', 'longberry-229.jpg', 'peaberry-392.jpg']"
multi-9-27.jpg,"['longberry-106.jpg', 'premium-153.jpg', 'longberry-184.jpg', 'longberry-78.jpg', 'peaberry-393.jpg', 'peaberry-22.jpg', 'peaberry-275.jpg', 'premium-225.jpg', 'peaberry-321.jpg']"
multi-16-27.jpg,"['longberry-357.jpg', 'defect-357.jpg', 'longberry-12.jpg', 'premium-305.jpg', 'longberry-230.jpg', 'defect-10.jpg', 'longberry-209.jpg', 'defect-184.jpg', 'peaberry-203.jpg', 'peaberry-368.jpg', 'peaberry-384.jpg', 'defect-59.jpg', 'peaberry-267.jpg', 'peaberry-229.jpg', 'peaberry-325.jpg', 'longberry-316.jpg']"
multi-25-27.jpg,"['peaberry-131.jpg', 'defect-165.jpg', 'peaberry-14.jpg', 'defect-262.jpg', 'longberry-212.jpg', 'defect-61.jpg', 'premium-260.jpg', 'premium-251.jpg', 'defect-177.jpg', 'peaberry-312.jpg', 'premium-138.jpg', 'defect-210.jpg', 'peaberry-161.jpg', 'longberry-37.jpg', 'longberry-311.jpg', 'longberry-386.jpg', 'defect-27.jpg', 'defect-368.jpg', 'defect-335.jpg', 'peaberry-350.jpg', 'defect-66.jpg', 'peaberry-269.jpg', 'longberry-276.jpg', 'defect-227.jpg', 'defect-126.jpg']"
multi-9-28.jpg,"['peaberry-391.jpg', 'peaberry-369.jpg', 'premium-56.jpg', 'peaberry-367.jpg', 'peaberry-330.jpg', 'peaberry-286.jpg', 'premium-283.jpg', 'defect-152.jpg', 'longberry-132.jpg']"
multi-16-28.jpg,"['defect-376.jpg', 'premium-169.jpg', 'longberry-1.jpg', 'premium-257.jpg', 'peaberry-87.jpg', 'peaberry-349.jpg', 'longberry-180.jpg', 'defect-226.jpg', 'peaberry-136.jpg', 'peaberry-148.jpg', 'peaberry-37.jpg', 'defect-219.jpg', 'peaberry-119.jpg', 'peaberry-46.jpg', 'longberry-47.jpg', 'premium-14.jpg']"
multi-25-28.jpg,"['defect-116.jpg', 'longberry-108.jpg', 'defect-263.jpg', 'longberry-298.jpg', 'defect-356.jpg', 'premium-303.jpg', 'longberry-111.jpg', 'defect-371.jpg', 'peaberry-150.jpg', 'premium-230.jpg', 'defect-163.jpg', 'premium-7.jpg', 'defect-323.jpg', 'defect-290.jpg', 'defect-82.jpg', 'peaberry-288.jpg', 'premium-18.jpg', 'longberry-114.jpg', 'defect-370.jpg', 'premium-374.jpg', 'defect-246.jpg', 'premium-373.jpg', 'defect-383.jpg', 'longberry-329.jpg', 'premium-74.jpg']"
multi-9-29.jpg,"['defect-282.jpg', 'premium-356.jpg', 'defect-232.jpg', 'defect-38.jpg', 'premium-30.jpg', 'defect-217.jpg', 'longberry-63.jpg', 'premium-192.jpg', 'premium-167.jpg']"
multi-16-29.jpg,"['longberry-331.jpg', 'peaberry-245.jpg', 'defect-145.jpg', 'defect-87.jpg', 'premium-231.jpg', 'peaberry-32.jpg', 'peaberry-29.jpg', 'defect-118.jpg', 'peaberry-232.jpg', 'peaberry-301.jpg', 'longberry-189.jpg', 'peaberry-118.jpg', 'longberry-207.jpg', 'premium-233.jpg', 'peaberry-380.jpg', 'premium-164.jpg']"
multi-25-29.jpg,"['defect-278.jpg', 'premium-151.jpg', 'defect-244.jpg', 'premium-47.jpg', 'longberry-310.jpg', 'peaberry-180.jpg', 'longberry-119.jpg', 'longberry-97.jpg', 'peaberry-220.jpg', 'peaberry-289.jpg', 'peaberry-130.jpg', 'defect-289.jpg', 'premium-338.jpg', 'premium-310.jpg', 'longberry-326.jpg', 'longberry-345.jpg', 'premium-360.jpg', 'defect-77.jpg', 'longberry-149.jpg', 'peaberry-79.jpg', 'defect-120.jpg', 'longberry-3.jpg', 'defect-358.jpg', 'premium-8.jpg', 'defect-300.jpg']"
multi-9-30.jpg,"['defect-29.jpg', 'defect-235.jpg', 'premium-328.jpg', 'longberry-126.jpg', 'peaberry-113.jpg', 'defect-258.jpg', 'defect-18.jpg', 'longberry-125.jpg', 'peaberry-241.jpg']"
multi-16-30.jpg,"['longberry-179.jpg', 'premium-312.jpg', 'premium-162.jpg', 'premium-96.jpg', 'peaberry-266.jpg', 'peaberry-19.jpg', 'peaberry-378.jpg', 'defect-341.jpg', 'peaberry-205.jpg', 'longberry-175.jpg', 'longberry-237.jpg', 'longberry-24.jpg', 'defect-111.jpg', 'peaberry-309.jpg', 'peaberry-387.jpg', 'premium-129.jpg']"
multi-25-30.jpg,"['premium-136.jpg', 'defect-93.jpg', 'defect-78.jpg', 'defect-99.jpg', 'longberry-309.jpg', 'premium-2.jpg', 'defect-367.jpg', 'premium-224.jpg', 'peaberry-362.jpg', 'peaberry-42.jpg', 'longberry-221.jpg', 'defect-68.jpg', 'defect-201.jpg', 'longberry-300.jpg', 'peaberry-307.jpg', 'longberry-137.jpg', 'longberry-261.jpg', 'defect-304.jpg', 'defect-349.jpg', 'peaberry-329.jpg', 'longberry-287.jpg', 'defect-146.jpg', 'premium-344.jpg', 'longberry-94.jpg', 'premium-200.jpg']"
multi-9-31.jpg,"['peaberry-54.jpg', 'defect-28.jpg', 'premium-345.jpg', 'defect-194.jpg', 'defect-355.jpg', 'longberry-53.jpg', 'longberry-73.jpg', 'longberry-58.jpg', 'defect-315.jpg']"
multi-16-31.jpg,"['premium-204.jpg', 'premium-297.jpg', 'peaberry-271.jpg', 'premium-67.jpg', 'longberry-143.jpg', 'defect-0.jpg', 'longberry-90.jpg', 'premium-277.jpg', 'peaberry-186.jpg', 'premium-37.jpg', 'defect-19.jpg', 'premium-395.jpg', 'peaberry-318.jpg', 'defect-345.jpg', 'defect-319.jpg', 'defect-37.jpg']"
multi-25-31.jpg,"['defect-380.jpg', 'longberry-389.jpg', 'defect-150.jpg', 'premium-80.jpg', 'premium-116.jpg', 'peaberry-279.jpg', 'premium-209.jpg', 'premium-12.jpg', 'longberry-313.jpg', 'longberry-122.jpg', 'peaberry-328.jpg', 'premium-229.jpg', 'defect-342.jpg', 'longberry-353.jpg', 'peaberry-34.jpg', 'defect-89.jpg', 'longberry-242.jpg', 'defect-395.jpg', 'premium-48.jpg', 'peaberry-8.jpg', 'peaberry-120.jpg', 'peaberry-71.jpg', 'peaberry-213.jpg', 'peaberry-376.jpg', 'premium-191.jpg']"
